{
    "Narrow [64, 32, 16]": 79.26357507705688,
    "Medium [256, 128, 64]": 77.8849048614502,
    "Wide [1024, 512, 256]": 80.5813627243042,
    "Very Wide [2048, 1024, 512]": 79.95328855514526
}