{
    "Narrow [64, 32, 16]": {
        "train_losses": [
            0.47695742048688533,
            0.1975761307899886,
            0.1428795011837218,
            0.1134247562166915,
            0.09518951046933878
        ],
        "train_accs": [
            0.8616,
            0.9412166666666667,
            0.9573166666666667,
            0.9666,
            0.9704833333333334
        ],
        "test_losses": [
            0.2367671643372012,
            0.17231606560040125,
            0.13586128625688673,
            0.1222470109056257,
            0.11073904637766036
        ],
        "test_accs": [
            0.93,
            0.947,
            0.959,
            0.964,
            0.9662
        ]
    },
    "Medium [256, 128, 64]": {
        "train_losses": [
            0.30031018040137,
            0.11354161090036827,
            0.07820807722633455,
            0.05642013587375312,
            0.044170961472025115
        ],
        "train_accs": [
            0.9112,
            0.9651333333333333,
            0.9748833333333333,
            0.9815166666666667,
            0.9856833333333334
        ],
        "test_losses": [
            0.1302174254809801,
            0.10470706875777885,
            0.08705142269624232,
            0.08143916823370737,
            0.07666918912849424
        ],
        "test_accs": [
            0.9601,
            0.9663,
            0.972,
            0.9737,
            0.9769
        ]
    },
    "Wide [1024, 512, 256]": {
        "train_losses": [
            0.2238146448766054,
            0.09110821654865228,
            0.06130317738130768,
            0.04783330560038323,
            0.03880782119347962
        ],
        "train_accs": [
            0.9312833333333334,
            0.9724666666666667,
            0.9804,
            0.9853666666666666,
            0.9878833333333333
        ],
        "test_losses": [
            0.10912540857974865,
            0.07904894910664356,
            0.09944543953103756,
            0.0777399213514895,
            0.07057861972074694
        ],
        "test_accs": [
            0.967,
            0.9765,
            0.9721,
            0.9777,
            0.9804
        ]
    },
    "Very Wide [2048, 1024, 512]": {
        "train_losses": [
            0.20934463128733483,
            0.09056649241707664,
            0.06584509360447113,
            0.05234348250310749,
            0.040808842176877295
        ],
        "train_accs": [
            0.9354,
            0.9729,
            0.97985,
            0.9840333333333333,
            0.9872
        ],
        "test_losses": [
            0.1264268007435942,
            0.10331125593968207,
            0.09568077545831145,
            0.08343157514430954,
            0.09793968163828566
        ],
        "test_accs": [
            0.9606,
            0.9693,
            0.9705,
            0.9763,
            0.9744
        ]
    }
}