{
    "No Regularization": {
        "train_losses": [
            0.2503370410566137,
            0.09897663625233225,
            0.07101183585169267,
            0.053416604997028216,
            0.04564663519370936,
            0.03624158877493895,
            0.03287746027051317,
            0.02810914749478815
        ],
        "train_accs": [
            0.9240166666666667,
            0.9694,
            0.9773,
            0.9826333333333334,
            0.9857333333333334,
            0.9884166666666667,
            0.9895,
            0.99085
        ],
        "test_losses": [
            0.12199913849312646,
            0.088337237057632,
            0.08105622669370477,
            0.07524760348194391,
            0.06549668619433302,
            0.07413223674647831,
            0.08128569770689088,
            0.08035288809013225
        ],
        "test_accs": [
            0.961,
            0.9729,
            0.9748,
            0.9763,
            0.9803,
            0.9787,
            0.9778,
            0.9785
        ]
    },
    "Dropout (0.3)": {
        "train_losses": [
            0.3870073175315918,
            0.18965962875102246,
            0.14624350990996812,
            0.12513753721442844,
            0.11450403611878676,
            0.10247117133095249,
            0.09539304770279064,
            0.09036735115450686
        ],
        "train_accs": [
            0.8843666666666666,
            0.9466666666666667,
            0.9585,
            0.9642333333333334,
            0.9669333333333333,
            0.9712666666666666,
            0.9732,
            0.97395
        ],
        "test_losses": [
            0.13756289018635418,
            0.10912257169705525,
            0.0992776614788176,
            0.09923921076445187,
            0.08677345172197715,
            0.08207617035223402,
            0.08616224406973076,
            0.08641446742206478
        ],
        "test_accs": [
            0.9575,
            0.9678,
            0.9712,
            0.9717,
            0.9742,
            0.9768,
            0.9772,
            0.9764
        ]
    },
    "Dropout (0.5)": {
        "train_losses": [
            0.5907299618032187,
            0.3096047896407306,
            0.2644575312058491,
            0.23490779447371263,
            0.22393863441259748,
            0.20414981354417197,
            0.1927795605177977,
            0.18293432351837216
        ],
        "train_accs": [
            0.81995,
            0.9182333333333333,
            0.93085,
            0.9394166666666667,
            0.9419666666666666,
            0.94575,
            0.94955,
            0.9519333333333333
        ],
        "test_losses": [
            0.19057551499123976,
            0.14926729706163477,
            0.13807930882425482,
            0.12023432658552222,
            0.12257811298929777,
            0.10578669291088813,
            0.10261326734288774,
            0.09858393126050015
        ],
        "test_accs": [
            0.9433,
            0.9587,
            0.9615,
            0.9657,
            0.9663,
            0.9709,
            0.9719,
            0.9731
        ]
    },
    "BatchNorm": {
        "train_losses": [
            0.23076517128848287,
            0.0903413039795967,
            0.06363313962399626,
            0.050262636319274454,
            0.04131010751975184,
            0.035486959576257256,
            0.029780912323671676,
            0.025197552994942602
        ],
        "train_accs": [
            0.9399166666666666,
            0.9725333333333334,
            0.9799666666666667,
            0.9839,
            0.9864333333333334,
            0.98825,
            0.9903166666666666,
            0.99155
        ],
        "test_losses": [
            0.10145081200927591,
            0.07126133614679454,
            0.06567810603104543,
            0.0662263943082438,
            0.06541050308748077,
            0.06023363093919696,
            0.053044016527958884,
            0.06955761174560776
        ],
        "test_accs": [
            0.9669,
            0.9776,
            0.9803,
            0.9789,
            0.9783,
            0.9818,
            0.9826,
            0.9789
        ]
    },
    "BatchNorm + Dropout": {
        "train_losses": [
            0.40048369734700934,
            0.19748695140708483,
            0.15855836206431517,
            0.13778644313575075,
            0.12538881598413784,
            0.11268724709737307,
            0.10422798837803161,
            0.09460828142232701
        ],
        "train_accs": [
            0.8940666666666667,
            0.9422,
            0.9531833333333334,
            0.9593166666666667,
            0.96315,
            0.9662333333333334,
            0.9690333333333333,
            0.9714666666666667
        ],
        "test_losses": [
            0.11813970048211894,
            0.0842737106081383,
            0.07280423118774394,
            0.06757713402276651,
            0.06892524287280713,
            0.06139390586694082,
            0.061082782093316884,
            0.060715342631043015
        ],
        "test_accs": [
            0.966,
            0.9744,
            0.9772,
            0.9788,
            0.9788,
            0.9807,
            0.9818,
            0.9818
        ]
    },
    "L2 (Weight Decay=1e-3)": {
        "train_losses": [
            0.25712224606202166,
            0.11402497765546574,
            0.09216200521608978,
            0.08392860487337782,
            0.07476950345783313,
            0.06827114769734188,
            0.06699791905094883,
            0.06302967525547994
        ],
        "train_accs": [
            0.9209833333333334,
            0.9649833333333333,
            0.9717,
            0.9736333333333334,
            0.97695,
            0.9781,
            0.9785166666666667,
            0.9797166666666667
        ],
        "test_losses": [
            0.12872622849918,
            0.11182299564491696,
            0.08907613418937015,
            0.08233723530929928,
            0.08137985888036608,
            0.09245735786560104,
            0.09308871104727517,
            0.08611796836585257
        ],
        "test_accs": [
            0.9597,
            0.9654,
            0.9716,
            0.9756,
            0.9747,
            0.9713,
            0.9712,
            0.9731
        ]
    }
}