{
    "1 Layer (Linear)": {
        "train_losses": [
            0.3807669506271257,
            0.295494339295796,
            0.28489637528973094,
            0.27822920856381783,
            0.2753857799144442,
            0.27277179383265693,
            0.269800418872696,
            0.265370214735267,
            0.26623338205156044,
            0.2653198415663705
        ],
        "train_accs": [
            0.8897,
            0.9164833333333333,
            0.9205833333333333,
            0.9236333333333333,
            0.9227666666666666,
            0.9232,
            0.92445,
            0.92575,
            0.9256666666666666,
            0.9258
        ],
        "test_losses": [
            0.2873213455741164,
            0.2778929006544095,
            0.2800795091433993,
            0.2752006012427656,
            0.2868807743763245,
            0.2833982845296777,
            0.28615952546036316,
            0.2831275746627133,
            0.27542130790556535,
            0.2789789239486939
        ],
        "test_accs": [
            0.9173,
            0.9217,
            0.9202,
            0.9234,
            0.921,
            0.919,
            0.9237,
            0.9214,
            0.9232,
            0.9246
        ]
    },
    "2 Layers": {
        "train_losses": [
            0.2513937064245947,
            0.10890715395304948,
            0.07478879133005069,
            0.05903109802362094,
            0.047475371015335575,
            0.039308430480538434,
            0.03336600949372183,
            0.029845566277815178,
            0.026044807672353665,
            0.0228161446397443
        ],
        "train_accs": [
            0.9256833333333333,
            0.96685,
            0.9765666666666667,
            0.9804833333333334,
            0.9847833333333333,
            0.9869666666666667,
            0.9891666666666666,
            0.9901,
            0.9912166666666666,
            0.99225
        ],
        "test_losses": [
            0.12059337898346159,
            0.09502751418519058,
            0.09751944877560946,
            0.08835548189427421,
            0.08877675615168543,
            0.0945014279708561,
            0.08366076990665833,
            0.10414704604211036,
            0.09475122725301315,
            0.10819472658053361
        ],
        "test_accs": [
            0.9645,
            0.9692,
            0.9687,
            0.9742,
            0.9735,
            0.9731,
            0.9763,
            0.9724,
            0.9763,
            0.9752
        ]
    },
    "3 Layers": {
        "train_losses": [
            0.2565756043248466,
            0.10988490230270795,
            0.07834397517104964,
            0.05949405648374259,
            0.04833002396023223,
            0.03925899054749863,
            0.03494104289679107,
            0.03221890961638153,
            0.03027712385471005,
            0.027312492837569417
        ],
        "train_accs": [
            0.9223,
            0.9660666666666666,
            0.9752833333333333,
            0.9809833333333333,
            0.98455,
            0.9870666666666666,
            0.98875,
            0.9889833333333333,
            0.9898166666666667,
            0.9909666666666667
        ],
        "test_losses": [
            0.1236126075463393,
            0.09870423019946187,
            0.08576404026273309,
            0.0870988564075802,
            0.07456262767848358,
            0.08939513465433081,
            0.09574358541164046,
            0.09466176650413574,
            0.09360234941372646,
            0.10670622278637064
        ],
        "test_accs": [
            0.9624,
            0.9695,
            0.9726,
            0.9738,
            0.9773,
            0.9759,
            0.9746,
            0.9767,
            0.9768,
            0.9739
        ]
    },
    "5 Layers": {
        "train_losses": [
            0.29264674027527826,
            0.11679498639617011,
            0.08762672939089569,
            0.06973290250602879,
            0.05662444462753467,
            0.050332075017673186,
            0.04838165001837469,
            0.03955623358220005,
            0.03537733886745383,
            0.03177086674774102
        ],
        "train_accs": [
            0.9080666666666667,
            0.9643833333333334,
            0.9729166666666667,
            0.9782666666666666,
            0.9824166666666667,
            0.9832,
            0.9844,
            0.9878333333333333,
            0.9888,
            0.9898833333333333
        ],
        "test_losses": [
            0.12855174506371958,
            0.12216180287702363,
            0.09298213635117429,
            0.10357408909955286,
            0.08223544639355468,
            0.10454431508042955,
            0.10963522907566792,
            0.08172134594285206,
            0.0932855789363237,
            0.10825306509190041
        ],
        "test_accs": [
            0.9602,
            0.9638,
            0.9729,
            0.9684,
            0.9769,
            0.9702,
            0.9728,
            0.9773,
            0.9759,
            0.9725
        ]
    },
    "7 Layers": {
        "train_losses": [
            0.34920327693446357,
            0.13372819089511437,
            0.10051664415159142,
            0.08509758652559221,
            0.07128748208282393,
            0.06590854406142349,
            0.05040784546934656,
            0.05053126926758269,
            0.04403290317566601,
            0.03990495074175493
        ],
        "train_accs": [
            0.8864666666666666,
            0.9606833333333333,
            0.9706166666666667,
            0.9751166666666666,
            0.9789833333333333,
            0.981,
            0.9852333333333333,
            0.9859833333333333,
            0.9870166666666667,
            0.9886833333333334
        ],
        "test_losses": [
            0.15906414213366335,
            0.12266905153541578,
            0.10213006530038105,
            0.11103126091758803,
            0.1072670057743104,
            0.09773309164035099,
            0.10977249075268113,
            0.12004033108706044,
            0.10435330951606628,
            0.10388135916223348
        ],
        "test_accs": [
            0.9514,
            0.9627,
            0.9712,
            0.9674,
            0.9704,
            0.9755,
            0.9741,
            0.9694,
            0.9738,
            0.9748
        ]
    }
}