{
    "1 Layer (Linear)": 154.14347791671753,
    "2 Layers": 151.60125303268433,
    "3 Layers": 150.80946016311646,
    "5 Layers": 153.66512894630432,
    "7 Layers": 157.03625655174255
}